id,name,description,ranks
1,Poison Resistance,Reduces damage while poisoned.,"[{'id': 1, 'skill': 1, 'level': 1, 'modifiers': {}, 'description': 'Reduces the number of times you take poison damage.', 'skillName': 'Poison Resistance'}, {'id': 2, 'skill': 1, 'level': 2, 'modifiers': {}, 'description': 'Greatly reduces the number of times you take poison damage.', 'skillName': 'Poison Resistance'}, {'id': 3, 'skill': 1, 'level': 3, 'modifiers': {}, 'description': 'Prevents poison.', 'skillName': 'Poison Resistance'}]"
2,Paralysis Resistance,Reduces the duration of paralysis.,"[{'id': 4, 'skill': 2, 'level': 1, 'modifiers': {}, 'description': 'Reduces the duration of paralysis by 30%.', 'skillName': 'Paralysis Resistance'}, {'id': 5, 'skill': 2, 'level': 2, 'modifiers': {}, 'description': 'Reduces the duration of paralysis by 60%.', 'skillName': 'Paralysis Resistance'}, {'id': 6, 'skill': 2, 'level': 3, 'modifiers': {}, 'description': 'Prevents paralysis.', 'skillName': 'Paralysis Resistance'}]"
3,Sleep Resistance,Reduces the duration of sleep.,"[{'id': 7, 'skill': 3, 'level': 1, 'modifiers': {}, 'description': 'Reduces the duration of sleep by 30%.', 'skillName': 'Sleep Resistance'}, {'id': 8, 'skill': 3, 'level': 2, 'modifiers': {}, 'description': 'Reduces the duration of sleep by 60%.', 'skillName': 'Sleep Resistance'}, {'id': 9, 'skill': 3, 'level': 3, 'modifiers': {}, 'description': 'Prevents sleep.', 'skillName': 'Sleep Resistance'}]"
4,Stun Resistance,Reduces stun duration.,"[{'id': 10, 'skill': 4, 'level': 1, 'modifiers': {}, 'description': 'Reduces the duration of stun by 60%.', 'skillName': 'Stun Resistance'}, {'id': 11, 'skill': 4, 'level': 2, 'modifiers': {}, 'description': 'Reduces the duration of stun by 90%.', 'skillName': 'Stun Resistance'}, {'id': 12, 'skill': 4, 'level': 3, 'modifiers': {}, 'description': 'Prevents stun.', 'skillName': 'Stun Resistance'}]"
5,Muck Resistance,Reduces impairments to mobility while stuck in monster muck.,"[{'id': 13, 'skill': 5, 'level': 1, 'modifiers': {}, 'description': 'Reduces limits on movement speed and evasion.', 'skillName': 'Muck Resistance'}]"
6,Blast Resistance,Grants protection against blastblight.,"[{'id': 14, 'skill': 6, 'level': 1, 'modifiers': {}, 'description': 'Delays blastblight and reduces blast damage.', 'skillName': 'Blast Resistance'}, {'id': 15, 'skill': 6, 'level': 2, 'modifiers': {}, 'description': 'Greatly delays blastblight and greatly reduces blast damage.', 'skillName': 'Blast Resistance'}, {'id': 16, 'skill': 6, 'level': 3, 'modifiers': {}, 'description': 'Prevents blastblight.', 'skillName': 'Blast Resistance'}]"
7,Bleeding Resistance,Grants protection against bleeding.,"[{'id': 17, 'skill': 7, 'level': 1, 'modifiers': {}, 'description': 'Reduces damage while bleeding.', 'skillName': 'Bleeding Resistance'}, {'id': 18, 'skill': 7, 'level': 2, 'modifiers': {}, 'description': 'Greatly reduces damage while bleeding.', 'skillName': 'Bleeding Resistance'}, {'id': 19, 'skill': 7, 'level': 3, 'modifiers': {}, 'description': 'Prevents bleeding.', 'skillName': 'Bleeding Resistance'}]"
8,Iron Skin,Grants protection against Defense Down.,"[{'id': 20, 'skill': 8, 'level': 1, 'modifiers': {}, 'description': 'Reduces the duration of Defense Down by 50%.', 'skillName': 'Iron Skin'}, {'id': 21, 'skill': 8, 'level': 2, 'modifiers': {}, 'description': 'Reduces the duration of Defense Down by 75%.', 'skillName': 'Iron Skin'}, {'id': 22, 'skill': 8, 'level': 3, 'modifiers': {}, 'description': 'Prevents Defense Down.', 'skillName': 'Iron Skin'}]"
9,Earplugs,Grants protection from large monsters' roars.,"[{'id': 23, 'skill': 9, 'level': 1, 'modifiers': {}, 'description': 'Slightly reduces the effects of weak monster roars.', 'skillName': 'Earplugs'}, {'id': 24, 'skill': 9, 'level': 2, 'modifiers': {}, 'description': 'Reduces the effects of weak monster roars.', 'skillName': 'Earplugs'}, {'id': 25, 'skill': 9, 'level': 3, 'modifiers': {}, 'description': 'Nullifies weak monster roars.', 'skillName': 'Earplugs'}, {'id': 410, 'skill': 9, 'level': 4, 'modifiers': {}, 'description': 'Nullifies weak monster roars and reduces the effects of strong monster roars.', 'skillName': 'Earplugs'}, {'id': 411, 'skill': 9, 'level': 5, 'modifiers': {}, 'description': 'Nullifies weak and strong monster roars.', 'skillName': 'Earplugs'}]"
10,Windproof,Grants protection against wind pressure.,"[{'id': 28, 'skill': 10, 'level': 1, 'modifiers': {}, 'description': 'Slightly reduces the effects of minor wind pressure.', 'skillName': 'Windproof'}, {'id': 29, 'skill': 10, 'level': 2, 'modifiers': {}, 'description': 'Reduces the effects of minor wind pressure.', 'skillName': 'Windproof'}, {'id': 30, 'skill': 10, 'level': 3, 'modifiers': {}, 'description': 'Negates minor wind pressure.', 'skillName': 'Windproof'}, {'id': 31, 'skill': 10, 'level': 4, 'modifiers': {}, 'description': 'Negates minor wind pressure and reduces the effects of major wind pressure.', 'skillName': 'Windproof'}, {'id': 32, 'skill': 10, 'level': 5, 'modifiers': {}, 'description': 'Negates minor and major wind pressure.', 'skillName': 'Windproof'}]"
11,Tremor Resistance,Grants protection against ground tremors.,"[{'id': 33, 'skill': 11, 'level': 1, 'modifiers': {}, 'description': 'Nullifies minor ground tremors.', 'skillName': 'Tremor Resistance'}, {'id': 34, 'skill': 11, 'level': 2, 'modifiers': {}, 'description': 'Nullifies minor ground tremors and reduces the effects of major ground tremors.', 'skillName': 'Tremor Resistance'}, {'id': 35, 'skill': 11, 'level': 3, 'modifiers': {}, 'description': 'Nullifies minor and major ground tremors.', 'skillName': 'Tremor Resistance'}]"
12,Dungmaster,Makes monsters hit with slinger dung pods more likely to run.,"[{'id': 36, 'skill': 12, 'level': 1, 'modifiers': {}, 'description': 'Makes slinger dung pods more effective at making monsters run away.', 'skillName': 'Dungmaster'}]"
13,Effluvial Expert,Nullifies or reduces environmental damage in the Rotten Vale.,"[{'id': 37, 'skill': 13, 'level': 1, 'modifiers': {}, 'description': 'Nullifies damage from effluvia and reduces damage from acids.', 'skillName': 'Effluvial Expert'}]"
14,Heat Guard,Nullifies damage from heat.,"[{'id': 38, 'skill': 14, 'level': 1, 'modifiers': {}, 'description': 'Nullfies heat damage.', 'skillName': 'Heat Guard'}]"
15,Attack Boost,Increases attack power. Also improves affinity at higher levels.,"[{'id': 39, 'skill': 15, 'level': 1, 'modifiers': {'attack': 3}, 'description': 'Attack +3', 'skillName': 'Attack Boost'}, {'id': 40, 'skill': 15, 'level': 2, 'modifiers': {'attack': 6}, 'description': 'Attack +6', 'skillName': 'Attack Boost'}, {'id': 41, 'skill': 15, 'level': 3, 'modifiers': {'attack': 9}, 'description': 'Attack +9', 'skillName': 'Attack Boost'}, {'id': 42, 'skill': 15, 'level': 4, 'modifiers': {'attack': 12, 'affinity': 5}, 'description': 'Attack +12 Affinity +5%', 'skillName': 'Attack Boost'}, {'id': 43, 'skill': 15, 'level': 5, 'modifiers': {'attack': 15, 'affinity': 5}, 'description': 'Attack +15 Affinity +5%', 'skillName': 'Attack Boost'}, {'id': 44, 'skill': 15, 'level': 6, 'modifiers': {'attack': 18, 'affinity': 5}, 'description': 'Attack +18 Affinity +5%', 'skillName': 'Attack Boost'}, {'id': 45, 'skill': 15, 'level': 7, 'modifiers': {'attack': 21, 'affinity': 5}, 'description': 'Attack +21 Affinity +5%', 'skillName': 'Attack Boost'}]"
16,Defense Boost,Increases defense. Level up to improve resistances as well.,"[{'id': 46, 'skill': 16, 'level': 1, 'modifiers': {'defense': 5}, 'description': 'Defense +5', 'skillName': 'Defense Boost'}, {'id': 47, 'skill': 16, 'level': 2, 'modifiers': {'defense': 10}, 'description': 'Defense +10', 'skillName': 'Defense Boost'}, {'id': 48, 'skill': 16, 'level': 3, 'modifiers': {'defense': 10}, 'description': 'Defense +5%\nBonus: +10', 'skillName': 'Defense Boost'}, {'id': 49, 'skill': 16, 'level': 4, 'modifiers': {'defense': 20, 'resistAll': 3}, 'description': 'Defense +5%\nBonus: +20\nAll Elemental Resistances +3', 'skillName': 'Defense Boost'}, {'id': 50, 'skill': 16, 'level': 5, 'modifiers': {'defense': 20, 'resistAll': 3}, 'description': 'Defense +8%\nBonus: +20\nAll Elemental Resistances +3', 'skillName': 'Defense Boost'}, {'id': 51, 'skill': 16, 'level': 6, 'modifiers': {'defense': 35, 'resistAll': 5}, 'description': 'Defense +8%\nBonus: +35\nAll Elemental Resistances +5', 'skillName': 'Defense Boost'}, {'id': 52, 'skill': 16, 'level': 7, 'modifiers': {'defense': 35, 'resistAll': 5}, 'description': 'Defense +10%\nBonus: +35\nAll Elemental Resistances +5', 'skillName': 'Defense Boost'}]"
17,Health Boost,Increases health.,"[{'id': 53, 'skill': 17, 'level': 1, 'modifiers': {'health': 15}, 'description': 'Health +15', 'skillName': 'Health Boost'}, {'id': 54, 'skill': 17, 'level': 2, 'modifiers': {'health': 30}, 'description': 'Health +30', 'skillName': 'Health Boost'}, {'id': 55, 'skill': 17, 'level': 3, 'modifiers': {'health': 50}, 'description': 'Health +50', 'skillName': 'Health Boost'}]"
18,Recovery Up,Increases the amount recovered when restoring health.,"[{'id': 56, 'skill': 18, 'level': 1, 'modifiers': {}, 'description': 'Recovery +10%', 'skillName': 'Recovery Up'}, {'id': 57, 'skill': 18, 'level': 2, 'modifiers': {}, 'description': 'Recovery +20%', 'skillName': 'Recovery Up'}, {'id': 58, 'skill': 18, 'level': 3, 'modifiers': {}, 'description': 'Recovery +30%', 'skillName': 'Recovery Up'}]"
19,Recovery Speed,Speeds healing of recoverable damage (the red portion of the health gauge).,"[{'id': 59, 'skill': 19, 'level': 1, 'modifiers': {}, 'description': 'Doubles the speed at which you heal recoverable damage.', 'skillName': 'Recovery Speed'}, {'id': 60, 'skill': 19, 'level': 2, 'modifiers': {}, 'description': 'Triples the speed at which you heal recoverable damage.', 'skillName': 'Recovery Speed'}, {'id': 61, 'skill': 19, 'level': 3, 'modifiers': {}, 'description': 'Quadruples the speed at which you heal recoverable damage.', 'skillName': 'Recovery Speed'}]"
20,Fire Resistance,Increases fire resistance. Also improves defense at higher levels.,"[{'id': 62, 'skill': 20, 'level': 1, 'modifiers': {'resistFire': 6}, 'description': 'Fire resistance +6', 'skillName': 'Fire Resistance'}, {'id': 63, 'skill': 20, 'level': 2, 'modifiers': {'resistFire': 12}, 'description': 'Fire resistance +12', 'skillName': 'Fire Resistance'}, {'id': 64, 'skill': 20, 'level': 3, 'modifiers': {'defense': 10, 'resistFire': 20}, 'description': 'Fire resistance +20 Defense +10', 'skillName': 'Fire Resistance'}]"
21,Water Resistance,Increases water resistance. Also improves defense at higher levels.,"[{'id': 65, 'skill': 21, 'level': 1, 'modifiers': {'resistWater': 6}, 'description': 'Water resistance +6', 'skillName': 'Water Resistance'}, {'id': 66, 'skill': 21, 'level': 2, 'modifiers': {'resistWater': 12}, 'description': 'Water resistance +12', 'skillName': 'Water Resistance'}, {'id': 67, 'skill': 21, 'level': 3, 'modifiers': {'defense': 10, 'resistWater': 20}, 'description': 'Water resistance +20 Defense +10', 'skillName': 'Water Resistance'}]"
22,Ice Resistance,Increases ice resistance. Also improves defense at higher levels.,"[{'id': 68, 'skill': 22, 'level': 1, 'modifiers': {'resistIce': 6}, 'description': 'Ice resistance +6', 'skillName': 'Ice Resistance'}, {'id': 69, 'skill': 22, 'level': 2, 'modifiers': {'resistIce': 12}, 'description': 'Ice resistance +12', 'skillName': 'Ice Resistance'}, {'id': 70, 'skill': 22, 'level': 3, 'modifiers': {'defense': 10, 'resistIce': 20}, 'description': 'Ice resistance +20 Defense +10', 'skillName': 'Ice Resistance'}]"
23,Thunder Resistance,Increases thunder resistance. Also improves defense at higher levels.,"[{'id': 71, 'skill': 23, 'level': 1, 'modifiers': {'resistThunder': 6}, 'description': 'Thunder resistance +6', 'skillName': 'Thunder Resistance'}, {'id': 72, 'skill': 23, 'level': 2, 'modifiers': {'resistThunder': 12}, 'description': 'Thunder resistance +12', 'skillName': 'Thunder Resistance'}, {'id': 73, 'skill': 23, 'level': 3, 'modifiers': {'defense': 10, 'resistThunder': 20}, 'description': 'Thunder resistance +20 Defense +10', 'skillName': 'Thunder Resistance'}]"
24,Dragon Resistance,Increases dragon resistance. Also improves defense at higher levels.,"[{'id': 74, 'skill': 24, 'level': 1, 'modifiers': {'resistDragon': 6}, 'description': 'Dragon resistance +6', 'skillName': 'Dragon Resistance'}, {'id': 75, 'skill': 24, 'level': 2, 'modifiers': {'resistDragon': 12}, 'description': 'Dragon resistance +12', 'skillName': 'Dragon Resistance'}, {'id': 76, 'skill': 24, 'level': 3, 'modifiers': {'defense': 10, 'resistDragon': 20}, 'description': 'Dragon resistance +20 Defense +10', 'skillName': 'Dragon Resistance'}]"
25,Blight Resistance,Grants protection against all elemental blights.,"[{'id': 77, 'skill': 25, 'level': 1, 'modifiers': {}, 'description': 'Reduces the duration of all elemental blights by 50%.', 'skillName': 'Blight Resistance'}, {'id': 78, 'skill': 25, 'level': 2, 'modifiers': {}, 'description': 'Reduces the duration of all elemental blights by 75%.', 'skillName': 'Blight Resistance'}, {'id': 79, 'skill': 25, 'level': 3, 'modifiers': {}, 'description': 'Nullifies all elemental blights.', 'skillName': 'Blight Resistance'}]"
26,Fire Attack,Increases fire element attack power. (Elemental attack power has a maximum limit.),"[{'id': 80, 'skill': 26, 'level': 1, 'modifiers': {'damageFire': 30}, 'description': 'Fire attack +30', 'skillName': 'Fire Attack'}, {'id': 81, 'skill': 26, 'level': 2, 'modifiers': {'damageFire': 60}, 'description': 'Fire attack +60', 'skillName': 'Fire Attack'}, {'id': 82, 'skill': 26, 'level': 3, 'modifiers': {'damageFire': 100}, 'description': 'Fire attack +100', 'skillName': 'Fire Attack'}, {'id': 83, 'skill': 26, 'level': 4, 'modifiers': {'damageFire': '100+5%'}, 'description': 'Fire attack +5% Bonus: +100', 'skillName': 'Fire Attack'}, {'id': 84, 'skill': 26, 'level': 5, 'modifiers': {'damageFire': '100+10%'}, 'description': 'Fire attack +10% Bonus: +100', 'skillName': 'Fire Attack'}, {'id': 375, 'skill': 26, 'level': 6, 'modifiers': {'damageFire': '100+20%'}, 'description': 'Fire attack +20% Bonus: +100', 'skillName': 'Fire Attack'}]"
27,Water Attack,Increases water element attack power. (Elemental attack power has a maximum limit.),"[{'id': 85, 'skill': 27, 'level': 1, 'modifiers': {'damageWater': 30}, 'description': 'Water attack +30', 'skillName': 'Water Attack'}, {'id': 86, 'skill': 27, 'level': 2, 'modifiers': {'damageWater': 60}, 'description': 'Water attack +60', 'skillName': 'Water Attack'}, {'id': 87, 'skill': 27, 'level': 3, 'modifiers': {'damageWater': 100}, 'description': 'Water attack +100', 'skillName': 'Water Attack'}, {'id': 88, 'skill': 27, 'level': 4, 'modifiers': {'damageWater': '100+5%'}, 'description': 'Water attack +5% Bonus: +100', 'skillName': 'Water Attack'}, {'id': 89, 'skill': 27, 'level': 5, 'modifiers': {'damageWater': '100+10%'}, 'description': 'Water attack +10% Bonus: +100', 'skillName': 'Water Attack'}, {'id': 390, 'skill': 27, 'level': 6, 'modifiers': {'damageWater': '100+20%'}, 'description': 'Water attack +20% Bonus: +100', 'skillName': 'Water Attack'}]"
28,Ice Attack,Increases ice element attack power. (Elemental attack power has as maximum limit.),"[{'id': 90, 'skill': 28, 'level': 1, 'modifiers': {'damageIce': 30}, 'description': 'Ice attack +30', 'skillName': 'Ice Attack'}, {'id': 91, 'skill': 28, 'level': 2, 'modifiers': {'damageIce': 60}, 'description': 'Ice attack +60', 'skillName': 'Ice Attack'}, {'id': 92, 'skill': 28, 'level': 3, 'modifiers': {'damageIce': 100}, 'description': 'Ice attack +100', 'skillName': 'Ice Attack'}, {'id': 93, 'skill': 28, 'level': 4, 'modifiers': {'damageIce': '100+5%'}, 'description': 'Ice attack +5% Bonus: +100', 'skillName': 'Ice Attack'}, {'id': 94, 'skill': 28, 'level': 5, 'modifiers': {'damageIce': '100+10%'}, 'description': 'Ice attack +10% Bonus: +100', 'skillName': 'Ice Attack'}, {'id': 378, 'skill': 28, 'level': 6, 'modifiers': {'damageIce': '100+20%'}, 'description': 'Ice attack +20% Bonus: +100', 'skillName': 'Ice Attack'}]"
29,Thunder Attack,Increases thunder element attack power. (Elemental attack power has a maximum limit.),"[{'id': 95, 'skill': 29, 'level': 1, 'modifiers': {'damageThunder': 30}, 'description': 'Thunder attack +30', 'skillName': 'Thunder Attack'}, {'id': 96, 'skill': 29, 'level': 2, 'modifiers': {'damageThunder': 60}, 'description': 'Thunder attack +60', 'skillName': 'Thunder Attack'}, {'id': 97, 'skill': 29, 'level': 3, 'modifiers': {'damageThunder': 100}, 'description': 'Thunder attack +100', 'skillName': 'Thunder Attack'}, {'id': 98, 'skill': 29, 'level': 4, 'modifiers': {'damageThunder': '100+5%'}, 'description': 'Thunder attack +5% Bonus: +100', 'skillName': 'Thunder Attack'}, {'id': 99, 'skill': 29, 'level': 5, 'modifiers': {'damageThunder': '100+10%'}, 'description': 'Thunder attack +10% Bonus: +100', 'skillName': 'Thunder Attack'}, {'id': 387, 'skill': 29, 'level': 6, 'modifiers': {'damageThunder': '100+20%'}, 'description': 'Thunder attack +20% Bonus: +100', 'skillName': 'Thunder Attack'}]"
30,Dragon Attack,Increases dragon element attack power. (Elemental attack power has a maximum limit.),"[{'id': 100, 'skill': 30, 'level': 1, 'modifiers': {'damageDragon': 30}, 'description': 'Dragon attack +30', 'skillName': 'Dragon Attack'}, {'id': 101, 'skill': 30, 'level': 2, 'modifiers': {'damageDragon': 60}, 'description': 'Dragon attack +60', 'skillName': 'Dragon Attack'}, {'id': 102, 'skill': 30, 'level': 3, 'modifiers': {'damageDragon': 100}, 'description': 'Dragon attack +100', 'skillName': 'Dragon Attack'}, {'id': 103, 'skill': 30, 'level': 4, 'modifiers': {'damageDragon': '100+5%'}, 'description': 'Dragon attack +5% Bonus: +100', 'skillName': 'Dragon Attack'}, {'id': 104, 'skill': 30, 'level': 5, 'modifiers': {'damageDragon': '100+10%'}, 'description': 'Dragon attack +10% Bonus: +100', 'skillName': 'Dragon Attack'}, {'id': 374, 'skill': 30, 'level': 6, 'modifiers': {'damageDragon': '100+20%'}, 'description': 'Dragon attack +20% Bonus: +100', 'skillName': 'Dragon Attack'}]"
31,Poison Attack,Increases the rate of poison buildup. (Elemental buildup has a maximum limit.),"[{'id': 105, 'skill': 31, 'level': 1, 'modifiers': {}, 'description': 'Poison buildup +5% Bonus: +10', 'skillName': 'Poison Attack'}, {'id': 106, 'skill': 31, 'level': 2, 'modifiers': {}, 'description': 'Poison buildup +10% Bonus: +10', 'skillName': 'Poison Attack'}, {'id': 107, 'skill': 31, 'level': 3, 'modifiers': {}, 'description': 'Poison buildup +20% Bonus: +10', 'skillName': 'Poison Attack'}, {'id': 381, 'skill': 31, 'level': 4, 'modifiers': {}, 'description': 'Poison buildup +30% Bonus: +10', 'skillName': 'Poison Attack'}]"
32,Paralysis Attack,Increases the rate of paralysis buildup. (Elemental buildup has a maximum limit.),"[{'id': 108, 'skill': 32, 'level': 1, 'modifiers': {}, 'description': 'Paralysis buildup +5% Bonus: +10', 'skillName': 'Paralysis Attack'}, {'id': 109, 'skill': 32, 'level': 2, 'modifiers': {}, 'description': 'Paralysis buildup +10% Bonus: +10', 'skillName': 'Paralysis Attack'}, {'id': 110, 'skill': 32, 'level': 3, 'modifiers': {}, 'description': 'Paralysis buildup +20% Bonus: +10', 'skillName': 'Paralysis Attack'}, {'id': 379, 'skill': 32, 'level': 4, 'modifiers': {}, 'description': 'Paralysis buildup +30% Bonus: +10', 'skillName': 'Paralysis Attack'}]"
33,Sleep Attack,Increases the rate of sleep buildup. (Elemental buildup has maximum limit.),"[{'id': 111, 'skill': 33, 'level': 1, 'modifiers': {}, 'description': 'Sleep buildup +5% Bonus: +10', 'skillName': 'Sleep Attack'}, {'id': 112, 'skill': 33, 'level': 2, 'modifiers': {}, 'description': 'Sleep buildup +10% Bonus: +10', 'skillName': 'Sleep Attack'}, {'id': 113, 'skill': 33, 'level': 3, 'modifiers': {}, 'description': 'Sleep buildup +20% Bonus: +10', 'skillName': 'Sleep Attack'}, {'id': 382, 'skill': 33, 'level': 4, 'modifiers': {}, 'description': 'Sleep buildup +30% Bonus: +10', 'skillName': 'Sleep Attack'}]"
34,Blast Attack,Increases the rate of the blast buildup. (Elemental buildup has a maximum limit.),"[{'id': 114, 'skill': 34, 'level': 1, 'modifiers': {}, 'description': 'Blast buildup +5% Bonus: +10', 'skillName': 'Blast Attack'}, {'id': 115, 'skill': 34, 'level': 2, 'modifiers': {}, 'description': 'Blast buildup +10% Bonus: +10', 'skillName': 'Blast Attack'}, {'id': 116, 'skill': 34, 'level': 3, 'modifiers': {}, 'description': 'Blast buildup +20% Bonus: +10', 'skillName': 'Blast Attack'}, {'id': 371, 'skill': 34, 'level': 4, 'modifiers': {}, 'description': 'Blast buildup +30% Bonus: +10', 'skillName': 'Blast Attack'}]"
35,Normal Shots,Increases the attack power of normal ammo and normal arrows.,"[{'id': 117, 'skill': 35, 'level': 1, 'modifiers': {}, 'description': 'Increases the power of normal ammo and normal arrows.', 'skillName': 'Normal Shots'}, {'id': 352, 'skill': 35, 'level': 2, 'modifiers': {}, 'description': 'Greatly increases the power of normal ammo and normal arrows.', 'skillName': 'Normal Shots'}]"
36,Piercing Shots,Increases the attack power of piercing ammo and Dragon Piercer.,"[{'id': 118, 'skill': 36, 'level': 1, 'modifiers': {}, 'description': 'Increases the power of piercing ammo and Dragon Piercer.', 'skillName': 'Piercing Shots'}, {'id': 380, 'skill': 36, 'level': 2, 'modifiers': {}, 'description': 'Greatly increases the power of piercing ammo and Dragon Piercer.', 'skillName': 'Piercing Shots'}]"
37,Spread/Power Shots,"Increases the attack power of spread ammo, power shot arrows, and Thousand Dragons.","[{'id': 119, 'skill': 37, 'level': 1, 'modifiers': {}, 'description': 'Increases the attack power of spread ammo, power shot arrows, and Thousand Dragons.', 'skillName': 'Spread/Power Shots'}, {'id': 348, 'skill': 37, 'level': 2, 'modifiers': {}, 'description': 'Greatly increases the attack power of spread ammo, power shot arrows, and Thousand Dragons.', 'skillName': 'Spread/Power Shots'}]"
38,Free Elem/Ammo Up,Unlocks your weapon's hidden element. Also increases bowgun loading capacity. (There is a cap to loading capacity.),"[{'id': 120, 'skill': 38, 'level': 1, 'modifiers': {}, 'description': 'Draws out 33% of hidden element and expands clip size for some ammo.', 'skillName': 'Free Elem/Ammo Up'}, {'id': 121, 'skill': 38, 'level': 2, 'modifiers': {}, 'description': 'Draws out 66% of hidden element and expands clip size for some ammo.', 'skillName': 'Free Elem/Ammo Up'}, {'id': 122, 'skill': 38, 'level': 3, 'modifiers': {}, 'description': 'Draws out 100% of hidden element and expands clip size for some ammo.', 'skillName': 'Free Elem/Ammo Up'}]"
39,Critical Eye,Increases affinity.,"[{'id': 123, 'skill': 39, 'level': 1, 'modifiers': {'affinity': 5}, 'description': 'Affinity +5%', 'skillName': 'Critical Eye'}, {'id': 124, 'skill': 39, 'level': 2, 'modifiers': {'affinity': 10}, 'description': 'Affinity +10%', 'skillName': 'Critical Eye'}, {'id': 125, 'skill': 39, 'level': 3, 'modifiers': {'affinity': 15}, 'description': 'Affinity +15%', 'skillName': 'Critical Eye'}, {'id': 126, 'skill': 39, 'level': 4, 'modifiers': {'affinity': 20}, 'description': 'Affinity +20%', 'skillName': 'Critical Eye'}, {'id': 127, 'skill': 39, 'level': 5, 'modifiers': {'affinity': 25}, 'description': 'Affinity +25%', 'skillName': 'Critical Eye'}, {'id': 128, 'skill': 39, 'level': 6, 'modifiers': {'affinity': 30}, 'description': 'Affinity +30%', 'skillName': 'Critical Eye'}, {'id': 129, 'skill': 39, 'level': 7, 'modifiers': {'affinity': 40}, 'description': 'Affinity +40%', 'skillName': 'Critical Eye'}]"
40,Critical Boost,Increases the damage of critical hits.,"[{'id': 130, 'skill': 40, 'level': 1, 'modifiers': {}, 'description': 'Increases damage dealt by critical hits by 30%.', 'skillName': 'Critical Boost'}, {'id': 131, 'skill': 40, 'level': 2, 'modifiers': {}, 'description': 'Increases damage dealt by critical hits by 35%.', 'skillName': 'Critical Boost'}, {'id': 132, 'skill': 40, 'level': 3, 'modifiers': {}, 'description': 'Increases damage dealt by critical hits by 40%.', 'skillName': 'Critical Boost'}]"
41,Weakness Exploit,Increases the affinity of attacks that exploit a monster weak spot.,"[{'id': 133, 'skill': 41, 'level': 1, 'modifiers': {}, 'description': 'Attacks that hit weak spots have 10% increased affinity, with an extra 5% on wounded parts.', 'skillName': 'Weakness Exploit'}, {'id': 134, 'skill': 41, 'level': 2, 'modifiers': {}, 'description': 'Attacks that hit weak spots have 15% increased affinity, with an extra 15% on wounded parts.', 'skillName': 'Weakness Exploit'}, {'id': 135, 'skill': 41, 'level': 3, 'modifiers': {}, 'description': 'Attacks that hit weak spots have 30% increased affinity, with an extra 20% on wounded parts.', 'skillName': 'Weakness Exploit'}]"
42,Focus,Increases the fill rate for weapons with gauges and the charge rate for weapons with charge attacks.,"[{'id': 136, 'skill': 42, 'level': 1, 'modifiers': {}, 'description': 'Increases gauge fill rate by 5% and reduces charge times by 5%.', 'skillName': 'Focus'}, {'id': 137, 'skill': 42, 'level': 2, 'modifiers': {}, 'description': 'Increases gauge fill rate by 10% and reduces charge times by 10%.', 'skillName': 'Focus'}, {'id': 138, 'skill': 42, 'level': 3, 'modifiers': {}, 'description': 'Increases gauge fill rate by 20% and reduces charge times by 15%.', 'skillName': 'Focus'}]"
43,Power Prolonger,"Allows long swords, dual blades, insect glaives, switch axes, and charge blades to stay powered up longer.","[{'id': 139, 'skill': 43, 'level': 1, 'modifiers': {}, 'description': 'Bonus duration +10%', 'skillName': 'Power Prolonger'}, {'id': 140, 'skill': 43, 'level': 2, 'modifiers': {}, 'description': 'Bonus duration +20%', 'skillName': 'Power Prolonger'}, {'id': 141, 'skill': 43, 'level': 3, 'modifiers': {}, 'description': 'Bonus duration +30%', 'skillName': 'Power Prolonger'}]"
44,Handicraft,"Extends the weapon sharpness gauage. However, it will not increase the gauge past its maximum.","[{'id': 142, 'skill': 44, 'level': 1, 'modifiers': {'sharpnessBonus': 10}, 'description': 'Weapon sharpness +10', 'skillName': 'Handicraft'}, {'id': 143, 'skill': 44, 'level': 2, 'modifiers': {'sharpnessBonus': 20}, 'description': 'Weapon sharpness +20', 'skillName': 'Handicraft'}, {'id': 144, 'skill': 44, 'level': 3, 'modifiers': {'sharpnessBonus': 30}, 'description': 'Weapon sharpness +30', 'skillName': 'Handicraft'}, {'id': 145, 'skill': 44, 'level': 4, 'modifiers': {'sharpnessBonus': 40}, 'description': 'Weapon sharpness +40', 'skillName': 'Handicraft'}, {'id': 146, 'skill': 44, 'level': 5, 'modifiers': {'sharpnessBonus': 50}, 'description': 'Weapon sharpness +50', 'skillName': 'Handicraft'}]"
45,Critical Draw,Increases affinity when performing draw attacks.,"[{'id': 147, 'skill': 45, 'level': 1, 'modifiers': {}, 'description': 'Draw attack affinity +30%', 'skillName': 'Critical Draw'}, {'id': 148, 'skill': 45, 'level': 2, 'modifiers': {}, 'description': 'Draw attack affinity +60%', 'skillName': 'Critical Draw'}, {'id': 149, 'skill': 45, 'level': 3, 'modifiers': {}, 'description': 'Draw attack affinity +100%', 'skillName': 'Critical Draw'}]"
46,Partbreaker,Makes it easier to break or sever parts of large monsters.,"[{'id': 150, 'skill': 46, 'level': 1, 'modifiers': {}, 'description': 'Part damage +10%', 'skillName': 'Partbreaker'}, {'id': 151, 'skill': 46, 'level': 2, 'modifiers': {}, 'description': 'Part damage +20%', 'skillName': 'Partbreaker'}, {'id': 152, 'skill': 46, 'level': 3, 'modifiers': {}, 'description': 'Part damage +30%', 'skillName': 'Partbreaker'}]"
47,Slugger,Makes it easier to stun monsters.,"[{'id': 153, 'skill': 47, 'level': 1, 'modifiers': {}, 'description': 'Stun power +20%', 'skillName': 'Slugger'}, {'id': 154, 'skill': 47, 'level': 2, 'modifiers': {}, 'description': 'Stun power +30%', 'skillName': 'Slugger'}, {'id': 155, 'skill': 47, 'level': 3, 'modifiers': {}, 'description': 'Stun power +40%', 'skillName': 'Slugger'}, {'id': 383, 'skill': 47, 'level': 4, 'modifiers': {}, 'description': 'Stun power +50%', 'skillName': 'Slugger'}, {'id': 384, 'skill': 47, 'level': 5, 'modifiers': {}, 'description': 'Stun power +60%', 'skillName': 'Slugger'}]"
48,Stamina Thief,Increases certain attacks' ability to exhaust monsters.,"[{'id': 156, 'skill': 48, 'level': 1, 'modifiers': {}, 'description': 'Exhaust power +20%', 'skillName': 'Stamina Thief'}, {'id': 157, 'skill': 48, 'level': 2, 'modifiers': {}, 'description': 'Exhaust power +30%', 'skillName': 'Stamina Thief'}, {'id': 158, 'skill': 48, 'level': 3, 'modifiers': {}, 'description': 'Exhaust power +40%', 'skillName': 'Stamina Thief'}, {'id': 385, 'skill': 48, 'level': 4, 'modifiers': {}, 'description': 'Exhaust power +50%', 'skillName': 'Stamina Thief'}, {'id': 386, 'skill': 48, 'level': 5, 'modifiers': {}, 'description': 'Exhaust power +60%', 'skillName': 'Stamina Thief'}]"
49,Master Mounter,Makes it easier to mount monsters.,"[{'id': 159, 'skill': 49, 'level': 1, 'modifiers': {}, 'description': 'Makes it easier to mount monsters and down mounted monsters.', 'skillName': 'Master Mounter'}]"
50,Airborne,Increases the damage caused by jumping attacks.,"[{'id': 160, 'skill': 50, 'level': 1, 'modifiers': {}, 'description': 'Jumping attack power +30%', 'skillName': 'Airborne'}]"
51,Latent Power,Temporarily increases affinity and reduces stamina depletion when certain conditions are met.,"[{'id': 161, 'skill': 51, 'level': 1, 'modifiers': {}, 'description': 'While active, increases affinity by 10% and reduces stamina depletion by 30%.', 'skillName': 'Latent Power'}, {'id': 162, 'skill': 51, 'level': 2, 'modifiers': {}, 'description': 'While active, increases affinity by 20% and reduces stamina depletion by 30%.', 'skillName': 'Latent Power'}, {'id': 163, 'skill': 51, 'level': 3, 'modifiers': {}, 'description': 'While active, increases affinity by 30% and reduces stamina depletion by 50%.', 'skillName': 'Latent Power'}, {'id': 164, 'skill': 51, 'level': 4, 'modifiers': {}, 'description': 'While active, increases affinity by 40% and reduces stamina depletion by 50%.', 'skillName': 'Latent Power'}, {'id': 165, 'skill': 51, 'level': 5, 'modifiers': {}, 'description': 'While active, increases affinity by 50% and reduces stamina depletion by 50%.', 'skillName': 'Latent Power'}, {'id': 350, 'skill': 51, 'level': 6, 'modifiers': {}, 'description': 'While active, increases affinity by 50% and reduces stamina depletion by 50%. Triggers easier.', 'skillName': 'Latent Power'}, {'id': 351, 'skill': 51, 'level': 7, 'modifiers': {}, 'description': 'While active, increases affinity by 60% and reduces stamina depletion by 50%. Triggers easier.', 'skillName': 'Latent Power'}]"
52,Agitator,Increases attack power and affinity when large monsters become enraged.,"[{'id': 166, 'skill': 52, 'level': 1, 'modifiers': {}, 'description': 'While active, grants attack +4 and increases affinity by 5%.', 'skillName': 'Agitator'}, {'id': 167, 'skill': 52, 'level': 2, 'modifiers': {}, 'description': 'While active, grants attack +8 and increases affinity by 5%.', 'skillName': 'Agitator'}, {'id': 168, 'skill': 52, 'level': 3, 'modifiers': {}, 'description': 'While active, grants attack +12 and increases affinity by 7%.', 'skillName': 'Agitator'}, {'id': 169, 'skill': 52, 'level': 4, 'modifiers': {}, 'description': 'While active, grants attack +16 and increases affinity by 7%.', 'skillName': 'Agitator'}, {'id': 170, 'skill': 52, 'level': 5, 'modifiers': {}, 'description': 'While active, grants attack +20 and increases affinity by 10%.', 'skillName': 'Agitator'}, {'id': 369, 'skill': 52, 'level': 6, 'modifiers': {}, 'description': 'While active, grants Attack +24 and increases Affinity by 15%', 'skillName': 'Agitator'}, {'id': 370, 'skill': 52, 'level': 7, 'modifiers': {}, 'description': 'While active, grants Attack +28 and increases Affinity by 20%', 'skillName': 'Agitator'}]"
53,Peak Performance,Increases attack when your health is full.,"[{'id': 171, 'skill': 53, 'level': 1, 'modifiers': {}, 'description': 'While active, grants attack +5.', 'skillName': 'Peak Performance'}, {'id': 172, 'skill': 53, 'level': 2, 'modifiers': {}, 'description': 'While active, grants attack +10.', 'skillName': 'Peak Performance'}, {'id': 173, 'skill': 53, 'level': 3, 'modifiers': {}, 'description': 'While active, grants attack +20.', 'skillName': 'Peak Performance'}]"
54,Heroics,Increases attack power and defense when health drops to 35% or lower.,"[{'id': 174, 'skill': 54, 'level': 1, 'modifiers': {}, 'description': 'While active, increases defense by 50 points', 'skillName': 'Heroics'}, {'id': 175, 'skill': 54, 'level': 2, 'modifiers': {}, 'description': 'While active, increases attack power by 5% and increases defense by 50 points.', 'skillName': 'Heroics'}, {'id': 176, 'skill': 54, 'level': 3, 'modifiers': {}, 'description': 'While active, increases attack power by 5% and increases defense by 100 points.', 'skillName': 'Heroics'}, {'id': 177, 'skill': 54, 'level': 4, 'modifiers': {}, 'description': 'While active, increases attack power by 10% and increases defense by 100 points.', 'skillName': 'Heroics'}, {'id': 178, 'skill': 54, 'level': 5, 'modifiers': {}, 'description': 'While active, increases attack power by 15% and increases defense by 100 points.', 'skillName': 'Heroics'}, {'id': 418, 'skill': 54, 'level': 6, 'modifiers': {}, 'description': 'While active, increases attack power by 25% and increases defense by 150 points.', 'skillName': 'Heroics'}, {'id': 419, 'skill': 54, 'level': 7, 'modifiers': {}, 'description': 'While active, increases attack power by 40% and increases defense by 150 points.', 'skillName': 'Heroics'}]"
55,Fortify,Temporarily increases your attack and defense every time you faint up to 2 times.,"[{'id': 179, 'skill': 55, 'level': 1, 'modifiers': {}, 'description': 'Increases attack by 10% and defense by 15% with each use.', 'skillName': 'Fortify'}]"
56,Resentment,Increases attack when you have recoverable damage (the red portion of your health gauge).,"[{'id': 180, 'skill': 56, 'level': 1, 'modifiers': {}, 'description': 'While active, grants attack +5.', 'skillName': 'Resentment'}, {'id': 181, 'skill': 56, 'level': 2, 'modifiers': {}, 'description': 'While active, grants attack +10.', 'skillName': 'Resentment'}, {'id': 182, 'skill': 56, 'level': 3, 'modifiers': {}, 'description': 'While active, grants attack +15.', 'skillName': 'Resentment'}, {'id': 183, 'skill': 56, 'level': 4, 'modifiers': {}, 'description': 'While active, grants attack +20.', 'skillName': 'Resentment'}, {'id': 184, 'skill': 56, 'level': 5, 'modifiers': {}, 'description': 'While active, grants attack +25.', 'skillName': 'Resentment'}]"
57,Resuscitate,Improves evasion and reduces stamina depletion when afflicted with abnormal status effects.,"[{'id': 185, 'skill': 57, 'level': 1, 'modifiers': {}, 'description': 'While active, greatly improves evasion invulnerability time and reduces stamina depletion.', 'skillName': 'Resuscitate'}]"
58,Horn Maestro,Increases the effect duration of hunting horn melodies.,"[{'id': 186, 'skill': 58, 'level': 1, 'modifiers': {}, 'description': 'Extends melody effect duration and increases health recovery.', 'skillName': 'Horn Maestro'}, {'id': 337, 'skill': 58, 'level': 2, 'modifiers': {}, 'description': 'Greatly increases the effect duration of hunting horn melodies.', 'skillName': 'Horn Maestro'}]"
59,Capacity Boost,Increases the gunlance's shell capacity and charge blade's phial capacity.,"[{'id': 187, 'skill': 59, 'level': 1, 'modifiers': {}, 'description': 'Loading capacity +1', 'skillName': 'Capacity Boost'}]"
60,Special Ammo Boost,Increases the power of bowgun special ammo and Dragon Piercer.,"[{'id': 188, 'skill': 60, 'level': 1, 'modifiers': {}, 'description': 'Increases the power of bowgun special ammo and Dragon Piercer by 10%.', 'skillName': 'Special Ammo Boost'}, {'id': 189, 'skill': 60, 'level': 2, 'modifiers': {}, 'description': 'Increases the power of bowgun special ammo and Dragon Piercer by 20%.', 'skillName': 'Special Ammo Boost'}]"
61,Artillery,"Strengthens explosive attacks like gunlance shells, Wyvern's Fire, charge blade phial attacks, and sticky ammo.","[{'id': 190, 'skill': 61, 'level': 1, 'modifiers': {}, 'description': ""Increases power of each attack by 10% and reduces Wyvern's Fire cooldown by 15%."", 'skillName': 'Artillery'}, {'id': 191, 'skill': 61, 'level': 2, 'modifiers': {}, 'description': ""Increases power of each attack by 20% and reduces Wyvern's Fire cooldown by 30%."", 'skillName': 'Artillery'}, {'id': 192, 'skill': 61, 'level': 3, 'modifiers': {}, 'description': ""Increases power of each attack by 30% and reduces Wyvern's Fire cooldown by 50%."", 'skillName': 'Artillery'}, {'id': 354, 'skill': 61, 'level': 4, 'modifiers': {}, 'description': ""Increases power of each attack by 40% and reduces Wyvern's Fire cooldown by 60%."", 'skillName': 'Artillery'}, {'id': 355, 'skill': 61, 'level': 5, 'modifiers': {}, 'description': ""Increases power of each attack by 50% and reduces Wyvern's Fire cooldown by 70%."", 'skillName': 'Artillery'}]"
62,Heavy Artillery,Increases the firepower of ballistae and cannons.,"[{'id': 193, 'skill': 62, 'level': 1, 'modifiers': {}, 'description': 'Firepower +50%', 'skillName': 'Heavy Artillery'}, {'id': 194, 'skill': 62, 'level': 2, 'modifiers': {}, 'description': 'Firepower +100%', 'skillName': 'Heavy Artillery'}]"
63,Marathon Runner,Slows down stamina depletion for actions which continuously drain stamina (such as dashing).,"[{'id': 195, 'skill': 63, 'level': 1, 'modifiers': {}, 'description': 'Reduces continuous stamina depletion by 15%.', 'skillName': 'Marathon Runner'}, {'id': 196, 'skill': 63, 'level': 2, 'modifiers': {}, 'description': 'Reduces continuous stamina depletion by 30%.', 'skillName': 'Marathon Runner'}, {'id': 197, 'skill': 63, 'level': 3, 'modifiers': {}, 'description': 'Reduces continuous stamina depletion by 50%.', 'skillName': 'Marathon Runner'}]"
64,Constitution,"Reduces stamina depletion when performing stamina-draining moves such as evading, etc.","[{'id': 198, 'skill': 64, 'level': 1, 'modifiers': {}, 'description': 'Reduces fixed stamina depletion by 10%.', 'skillName': 'Constitution'}, {'id': 199, 'skill': 64, 'level': 2, 'modifiers': {}, 'description': 'Reduces fixed stamina depletion by 20%.', 'skillName': 'Constitution'}, {'id': 200, 'skill': 64, 'level': 3, 'modifiers': {}, 'description': 'Reduces fixed stamina depletion by 30%.', 'skillName': 'Constitution'}, {'id': 201, 'skill': 64, 'level': 4, 'modifiers': {}, 'description': 'Reduces fixed stamina depletion by 40%.', 'skillName': 'Constitution'}, {'id': 202, 'skill': 64, 'level': 5, 'modifiers': {}, 'description': 'Reduces fixed stamina depletion by 50%.', 'skillName': 'Constitution'}]"
65,Leap of Faith,"Allows you to do a dive-evade when facing towards large monsters, and extends the dive-evade distance.","[{'id': 203, 'skill': 65, 'level': 1, 'modifiers': {}, 'description': 'Enables Leap of Faith.', 'skillName': 'Leap of Faith'}]"
66,Stamina Surge,Speeds up stamina recovery.,"[{'id': 204, 'skill': 66, 'level': 1, 'modifiers': {}, 'description': 'Stamina recovery speed +10%', 'skillName': 'Stamina Surge'}, {'id': 205, 'skill': 66, 'level': 2, 'modifiers': {}, 'description': 'Stamina recovery speed +20%', 'skillName': 'Stamina Surge'}, {'id': 206, 'skill': 66, 'level': 3, 'modifiers': {}, 'description': 'Stamina recovery speed +30%', 'skillName': 'Stamina Surge'}]"
67,Hunger Resistance,"Reduces maximum stamina depletion over time. However, does not work against cold environments that reduce stamina.","[{'id': 207, 'skill': 67, 'level': 1, 'modifiers': {}, 'description': 'Extends the time until your stamina cap decreases by 50%.', 'skillName': 'Hunger Resistance'}, {'id': 208, 'skill': 67, 'level': 2, 'modifiers': {}, 'description': 'Extends the time until your stamina cap decreases by 100%.', 'skillName': 'Hunger Resistance'}, {'id': 209, 'skill': 67, 'level': 3, 'modifiers': {}, 'description': 'Prevents your stamina cap from decreasing.', 'skillName': 'Hunger Resistance'}]"
68,Evade Window,Extends the invulnerability period when evading.,"[{'id': 210, 'skill': 68, 'level': 1, 'modifiers': {}, 'description': 'Very slightly increases invulnerability window.', 'skillName': 'Evade Window'}, {'id': 211, 'skill': 68, 'level': 2, 'modifiers': {}, 'description': 'Slightly increases invulnerability window.', 'skillName': 'Evade Window'}, {'id': 212, 'skill': 68, 'level': 3, 'modifiers': {}, 'description': 'Increases invulnerability window.', 'skillName': 'Evade Window'}, {'id': 213, 'skill': 68, 'level': 4, 'modifiers': {}, 'description': 'Greatly increases invulnerability window.', 'skillName': 'Evade Window'}, {'id': 214, 'skill': 68, 'level': 5, 'modifiers': {}, 'description': 'Massively increases invulnerability window.', 'skillName': 'Evade Window'}]"
69,Evade Extender,Increases evade distance.,"[{'id': 215, 'skill': 69, 'level': 1, 'modifiers': {}, 'description': 'Slightly extends evasion distance.', 'skillName': 'Evade Extender'}, {'id': 216, 'skill': 69, 'level': 2, 'modifiers': {}, 'description': 'Extends evasion distance.', 'skillName': 'Evade Extender'}, {'id': 217, 'skill': 69, 'level': 3, 'modifiers': {}, 'description': 'Greatly extends evasion distance.', 'skillName': 'Evade Extender'}]"
70,Guard,Reduces knockbacks and stamina depletion when guarding.,"[{'id': 218, 'skill': 70, 'level': 1, 'modifiers': {}, 'description': 'Very slightly decreases the impact of attacks.', 'skillName': 'Guard'}, {'id': 219, 'skill': 70, 'level': 2, 'modifiers': {}, 'description': 'Slightly decreases the impact of attacks and reduces stamina depletion by 15%.', 'skillName': 'Guard'}, {'id': 220, 'skill': 70, 'level': 3, 'modifiers': {}, 'description': 'Greatly decreases the impact of attacks and redcues stamina depletion by 15%.', 'skillName': 'Guard'}, {'id': 221, 'skill': 70, 'level': 4, 'modifiers': {}, 'description': 'Greatly decreases the impact of attacks and redcues stamina depletion by 30%.', 'skillName': 'Guard'}, {'id': 222, 'skill': 70, 'level': 5, 'modifiers': {}, 'description': 'Greatly decreases the impact of attacks and redcues stamina depletion by 50%.', 'skillName': 'Guard'}]"
71,Quick Sheath,Speeds up weapon sheathing.,"[{'id': 223, 'skill': 71, 'level': 1, 'modifiers': {}, 'description': 'Slightly increases sheathing speed.', 'skillName': 'Quick Sheath'}, {'id': 224, 'skill': 71, 'level': 2, 'modifiers': {}, 'description': 'Moderately increases sheathing speed.', 'skillName': 'Quick Sheath'}, {'id': 225, 'skill': 71, 'level': 3, 'modifiers': {}, 'description': 'Greatly increases sheathing speed.', 'skillName': 'Quick Sheath'}]"
72,Wide-Range,Allows the effects of certain items to also affect nearby allies.,"[{'id': 226, 'skill': 72, 'level': 1, 'modifiers': {}, 'description': 'Items affect nearby allies with 33% of their efficacy.', 'skillName': 'Wide-Range'}, {'id': 227, 'skill': 72, 'level': 2, 'modifiers': {}, 'description': 'Items affect nearby allies in a wider radius with 33% of their efficacy.', 'skillName': 'Wide-Range'}, {'id': 228, 'skill': 72, 'level': 3, 'modifiers': {}, 'description': 'Items affect nearby allies in a wider radius with 66% of their efficacy.', 'skillName': 'Wide-Range'}, {'id': 229, 'skill': 72, 'level': 4, 'modifiers': {}, 'description': 'Items affect nearby allies in a much wider radius with 66% of their efficacy.', 'skillName': 'Wide-Range'}, {'id': 230, 'skill': 72, 'level': 5, 'modifiers': {}, 'description': 'Items affect nearby allies in a wider radius with full efficacy.', 'skillName': 'Wide-Range'}]"
73,Item Prolonger,Extends the duration of some item effects.,"[{'id': 231, 'skill': 73, 'level': 1, 'modifiers': {}, 'description': 'Item effect duration +10%', 'skillName': 'Item Prolonger'}, {'id': 232, 'skill': 73, 'level': 2, 'modifiers': {}, 'description': 'Item effect duration +25%', 'skillName': 'Item Prolonger'}, {'id': 233, 'skill': 73, 'level': 3, 'modifiers': {}, 'description': 'Item effect duration +50%', 'skillName': 'Item Prolonger'}]"
74,Free Meal,Gives you a predetermined chance of consuming a food or drink item for free.,"[{'id': 234, 'skill': 74, 'level': 1, 'modifiers': {}, 'description': 'Activates 25% of the time.', 'skillName': 'Free Meal'}, {'id': 376, 'skill': 74, 'level': 2, 'modifiers': {}, 'description': 'Activates 50% of the time.', 'skillName': 'Free Meal'}, {'id': 377, 'skill': 74, 'level': 3, 'modifiers': {}, 'description': 'Activates 75% of the time.', 'skillName': 'Free Meal'}]"
75,Speed Eating,Increases meat-eating and item-consumption speed.,"[{'id': 235, 'skill': 75, 'level': 1, 'modifiers': {}, 'description': 'Slightly increases item use speed.', 'skillName': 'Speed Eating'}, {'id': 236, 'skill': 75, 'level': 2, 'modifiers': {}, 'description': 'Moderately increases item use speed.', 'skillName': 'Speed Eating'}, {'id': 237, 'skill': 75, 'level': 3, 'modifiers': {}, 'description': 'Greatly increases item use speed.', 'skillName': 'Speed Eating'}]"
76,Speed Sharpening,Speeds up weapon sharpening when using a whetstone.,"[{'id': 238, 'skill': 76, 'level': 1, 'modifiers': {}, 'description': 'Removes one cycle from the sharpening process.', 'skillName': 'Speed Sharpening'}, {'id': 239, 'skill': 76, 'level': 2, 'modifiers': {}, 'description': 'Removes two cycles from the sharpening process.', 'skillName': 'Speed Sharpening'}, {'id': 240, 'skill': 76, 'level': 3, 'modifiers': {}, 'description': 'Removes three cycles from the sharpening process.', 'skillName': 'Speed Sharpening'}]"
77,Bombardier,Increases the damage of explosive items.,"[{'id': 241, 'skill': 77, 'level': 1, 'modifiers': {}, 'description': 'Explosive power +10%', 'skillName': 'Bombardier'}, {'id': 242, 'skill': 77, 'level': 2, 'modifiers': {}, 'description': 'Explosive power +20%', 'skillName': 'Bombardier'}, {'id': 243, 'skill': 77, 'level': 3, 'modifiers': {}, 'description': 'Explosive power +30%', 'skillName': 'Bombardier'}, {'id': 372, 'skill': 77, 'level': 4, 'modifiers': {}, 'description': 'Explosive power +40%', 'skillName': 'Bombardier'}, {'id': 373, 'skill': 77, 'level': 5, 'modifiers': {}, 'description': 'Explosive power +50%', 'skillName': 'Bombardier'}]"
78,Mushroomancer,Lets you digest mushrooms that would otherwise be inedible and gain their advantageous effects.,"[{'id': 244, 'skill': 78, 'level': 1, 'modifiers': {}, 'description': 'Lets you digest blue mushrooms and toadstools.', 'skillName': 'Mushroomancer'}, {'id': 245, 'skill': 78, 'level': 2, 'modifiers': {}, 'description': 'Additionally lets you digest nitroshrooms and parashrooms.', 'skillName': 'Mushroomancer'}, {'id': 246, 'skill': 78, 'level': 3, 'modifiers': {}, 'description': ""Additionally lets you digest mandragoras, devil's blight, and exciteshrooms."", 'skillName': 'Mushroomancer'}]"
79,Master Fisher,Improves your skill at fishing.,"[{'id': 247, 'skill': 79, 'level': 1, 'modifiers': {}, 'description': 'Increases the time window for reeling in fish, and makes it easier to catch large fish.', 'skillName': 'Master Fisher'}]"
80,Pro Transporter,Increases your speed while transporting items and decreases the likelihood of dropping them.,"[{'id': 248, 'skill': 80, 'level': 1, 'modifiers': {}, 'description': 'Increases movement speed while transporting and reduces downtime on landings.', 'skillName': 'Pro Transporter'}]"
81,Master Gatherer,"Allows you to gather more quickly, and also prevents attacks from knocking you back while gathering.","[{'id': 249, 'skill': 81, 'level': 1, 'modifiers': {}, 'description': 'Speeds up gathering and prevents knockbacks while gathering.', 'skillName': 'Master Gatherer'}]"
82,Honey Hunter,Increases the quantity of honey you receive when gathering in the field.,"[{'id': 250, 'skill': 82, 'level': 1, 'modifiers': {}, 'description': 'One extra honey per gather.', 'skillName': 'Honey Hunter'}]"
83,Carving Pro,Prevents knockback from attacks while carving.,"[{'id': 251, 'skill': 83, 'level': 1, 'modifiers': {}, 'description': 'Prevents knockback while carving.', 'skillName': 'Carving Pro'}]"
84,Divine Blessing,Has a predetermined chance of reducing the damage you take.,"[{'id': 252, 'skill': 84, 'level': 1, 'modifiers': {}, 'description': 'While active, reduces damage taken by 15%.', 'skillName': 'Divine Blessing'}, {'id': 253, 'skill': 84, 'level': 2, 'modifiers': {}, 'description': 'While active, reduces damage taken by 30%.', 'skillName': 'Divine Blessing'}, {'id': 254, 'skill': 84, 'level': 3, 'modifiers': {}, 'description': 'While active, reduces damage taken by 50%.', 'skillName': 'Divine Blessing'}, {'id': 344, 'skill': 84, 'level': 4, 'modifiers': {}, 'description': 'While active, reduces damage taken by 60%.', 'skillName': 'Divine Blessing'}, {'id': 345, 'skill': 84, 'level': 5, 'modifiers': {}, 'description': 'While active, reduces damage taken by 60%. Skill becomes easier to activate as well.', 'skillName': 'Divine Blessing'}]"
85,Palico Rally,Powers up Palicoes.,"[{'id': 255, 'skill': 85, 'level': 1, 'modifiers': {}, 'description': 'Increases Palico attack power and defense by 5%.', 'skillName': 'Palico Rally'}, {'id': 256, 'skill': 85, 'level': 2, 'modifiers': {}, 'description': 'Increases Palico attack power and defense by 10%.', 'skillName': 'Palico Rally'}, {'id': 257, 'skill': 85, 'level': 3, 'modifiers': {}, 'description': 'Increases Palico attack power and defense by 15%.', 'skillName': 'Palico Rally'}, {'id': 258, 'skill': 85, 'level': 4, 'modifiers': {}, 'description': 'Increases Palico attack power and defense by 20%.', 'skillName': 'Palico Rally'}, {'id': 259, 'skill': 85, 'level': 5, 'modifiers': {}, 'description': 'Increases Palico attack power and defense by 25%.', 'skillName': 'Palico Rally'}]"
86,Botanist,Increases the quantity of herbs and other consumable items you gather.,"[{'id': 260, 'skill': 86, 'level': 1, 'modifiers': {}, 'description': 'One extra consumable herb item per gather.', 'skillName': 'Botanist'}, {'id': 261, 'skill': 86, 'level': 2, 'modifiers': {}, 'description': 'One extra consumable herb, fruit, nut, or seed item per gather.', 'skillName': 'Botanist'}, {'id': 262, 'skill': 86, 'level': 3, 'modifiers': {}, 'description': 'One extra consumable herb, fruit, nut, seed, or insect item per gather.', 'skillName': 'Botanist'}, {'id': 263, 'skill': 86, 'level': 4, 'modifiers': {}, 'description': 'One extra consumable herb, fruit, nut, seed, insect or mushroom item per gather.', 'skillName': 'Botanist'}]"
87,Geologist,Increases the number of times you can use a gathering point.,"[{'id': 264, 'skill': 87, 'level': 1, 'modifiers': {}, 'description': 'Allows you to gather one extra time from bonepiles.', 'skillName': 'Geologist'}, {'id': 265, 'skill': 87, 'level': 2, 'modifiers': {}, 'description': 'Allows you to gather one extra time from bonepiles and special item gathering points.', 'skillName': 'Geologist'}, {'id': 266, 'skill': 87, 'level': 3, 'modifiers': {}, 'description': 'Allows you to gather one extra time from bonepiles, gathering points, and mining outcrops.', 'skillName': 'Geologist'}]"
88,Maximum Might,Increases affinity as long as stamina is kept full for a period of time.,"[{'id': 267, 'skill': 88, 'level': 1, 'modifiers': {}, 'description': 'While active, increases affinity by 10%.', 'skillName': 'Maximum Might'}, {'id': 268, 'skill': 88, 'level': 2, 'modifiers': {}, 'description': 'While active, increases affinity by 20%.', 'skillName': 'Maximum Might'}, {'id': 269, 'skill': 88, 'level': 3, 'modifiers': {}, 'description': 'While active, increases affinity by 30%.', 'skillName': 'Maximum Might'}, {'id': 335, 'skill': 88, 'level': 4, 'modifiers': {}, 'description': 'While active, increases affinity by 40%.', 'skillName': 'Maximum Might'}, {'id': 336, 'skill': 88, 'level': 5, 'modifiers': {}, 'description': 'Increases affinity by 40% as soon as the stamina gauge is full.', 'skillName': 'Maximum Might'}]"
89,Slinger Capacity,Increases the loading capacity for slinger ammo obtained in the field.,"[{'id': 270, 'skill': 89, 'level': 1, 'modifiers': {}, 'description': 'Increases the loading capacity for slinger ammo collected from the ground or plants.', 'skillName': 'Slinger Capacity'}, {'id': 271, 'skill': 89, 'level': 2, 'modifiers': {}, 'description': 'In addition, increases the loading capacity for some slinger ammo dropped by monsters.', 'skillName': 'Slinger Capacity'}, {'id': 272, 'skill': 89, 'level': 3, 'modifiers': {}, 'description': 'In addition, increases the loading capacity for all slinger ammo dropped by monsters.', 'skillName': 'Slinger Capacity'}, {'id': 391, 'skill': 89, 'level': 4, 'modifiers': {}, 'description': 'Increases the loading capacity for the slinger ammo collected from the ground or plants even more', 'skillName': 'Slinger Capacity'}, {'id': 392, 'skill': 89, 'level': 5, 'modifiers': {}, 'description': 'Increases the loading capacity for all slinger ammo', 'skillName': 'Slinger Capacity'}]"
90,Stealth,Makes it easier for monsters to lose sight of you.,"[{'id': 273, 'skill': 90, 'level': 1, 'modifiers': {}, 'description': 'Makes it slightly easier for monsters to lose sight of you.', 'skillName': 'Stealth'}, {'id': 274, 'skill': 90, 'level': 2, 'modifiers': {}, 'description': 'Makes it moderately easier for monsters to lose sight of you.', 'skillName': 'Stealth'}, {'id': 275, 'skill': 90, 'level': 3, 'modifiers': {}, 'description': 'Makes it much easier for monsters to lose sight of you.', 'skillName': 'Stealth'}]"
91,Flinch Free,Prevents knockbacks and other reactions to small damage.,"[{'id': 276, 'skill': 91, 'level': 1, 'modifiers': {}, 'description': 'Prevents knockbacks.', 'skillName': 'Flinch Free'}, {'id': 277, 'skill': 91, 'level': 2, 'modifiers': {}, 'description': 'Prevents standard knockbacks. Tripping is reduced to a knockback. Increases some Kinsect extract effects.', 'skillName': 'Flinch Free'}, {'id': 278, 'skill': 91, 'level': 3, 'modifiers': {}, 'description': 'Prevents knockbacks and tripping. Increases some Kinsect extract effects.', 'skillName': 'Flinch Free'}]"
92,Scoutfly Range Up,Expands your scoutflies' detection range.,"[{'id': 279, 'skill': 92, 'level': 1, 'modifiers': {}, 'description': ""Expands your scoutflies' detection range."", 'skillName': 'Scoutfly Range Up'}]"
93,Speed Crawler,Increases movement speed while crouching.,"[{'id': 280, 'skill': 93, 'level': 1, 'modifiers': {}, 'description': 'Increases movement speed while crouching.', 'skillName': 'Speed Crawler'}]"
94,Jump Master,Prevents attacks from knocking you back during a jump.,"[{'id': 281, 'skill': 94, 'level': 1, 'modifiers': {}, 'description': 'Negates knockback during jumps.', 'skillName': 'Jump Master'}]"
95,Survival Expert,Extra health is recovered from environmental interactables like Sporepuffs or Wiggly Litchi.,"[{'id': 282, 'skill': 95, 'level': 1, 'modifiers': {}, 'description': 'Interactables restore an additional 50 health.', 'skillName': 'Survival Expert'}, {'id': 283, 'skill': 95, 'level': 2, 'modifiers': {}, 'description': 'Interactables restore an additional 80 health.', 'skillName': 'Survival Expert'}, {'id': 284, 'skill': 95, 'level': 3, 'modifiers': {}, 'description': 'Interactables restore an additional 100 health.', 'skillName': 'Survival Expert'}]"
96,Aquatic/Polar Mobility,"Lets you move more freely in water. Also prevents you from being slowed down by terrain effects, such as deep snow.","[{'id': 285, 'skill': 96, 'level': 1, 'modifiers': {}, 'description': 'Prevents lowered movement speed.', 'skillName': 'Aquatic/Polar Mobility'}, {'id': 286, 'skill': 96, 'level': 2, 'modifiers': {}, 'description': 'Increases your evade window and prevents lowered movement speed.', 'skillName': 'Aquatic/Polar Mobility'}, {'id': 287, 'skill': 96, 'level': 3, 'modifiers': {}, 'description': 'Greatly increases your evade window and prevents lowered movement speed.', 'skillName': 'Aquatic/Polar Mobility'}]"
97,Cliffhanger,"Decreases stamina depletion when evading while clinging to walls or ivy, or when moving while grappling onto an enemy.","[{'id': 288, 'skill': 97, 'level': 1, 'modifiers': {}, 'description': 'Reduces stamina depletion while climbing by 50%.', 'skillName': 'Cliffhanger'}]"
98,Blindsider,Improves the effectiveness of flash attacks and items.,"[{'id': 289, 'skill': 98, 'level': 1, 'modifiers': {}, 'description': 'Increases the success rate of flash effects.', 'skillName': 'Blindsider'}]"
99,Scholar,Speeds up progress on research levels and special investigations. (Effect is applied at the quest results screen.),"[{'id': 290, 'skill': 99, 'level': 1, 'modifiers': {}, 'description': 'Speeds up progress on research levels and special investigations.', 'skillName': 'Scholar'}]"
100,Entomologist,"Decreases the chances of destroying the bodies of small insect monsters, allowing them to be carved.","[{'id': 291, 'skill': 100, 'level': 1, 'modifiers': {}, 'description': 'Increases the chances of a corpse being left behind.', 'skillName': 'Entomologist'}, {'id': 292, 'skill': 100, 'level': 2, 'modifiers': {}, 'description': 'Greatly increases the chances of a corpse being left behind.', 'skillName': 'Entomologist'}, {'id': 293, 'skill': 100, 'level': 3, 'modifiers': {}, 'description': 'Makes it so corpses will always be left behind.', 'skillName': 'Entomologist'}]"
101,Effluvia Resistance,Gain a resistance to effluvial buildup.,"[{'id': 294, 'skill': 101, 'level': 1, 'modifiers': {}, 'description': 'Reduces effluvial buildup.', 'skillName': 'Effluvia Resistance'}, {'id': 295, 'skill': 101, 'level': 2, 'modifiers': {}, 'description': 'Greatly reduces effluvial buildup.', 'skillName': 'Effluvia Resistance'}, {'id': 296, 'skill': 101, 'level': 3, 'modifiers': {}, 'description': 'Prevents effluvial buildup.', 'skillName': 'Effluvia Resistance'}]"
102,Scenthound,Increases your scoutflies' gauge fill rate when you find tracks and other traces left by monsters.,"[{'id': 297, 'skill': 102, 'level': 1, 'modifiers': {}, 'description': 'Increases gauge fill rate by 50%.', 'skillName': 'Scenthound'}]"
103,Forager's Luck,Increases the chance of finding rare gathering points.,"[{'id': 298, 'skill': 103, 'level': 1, 'modifiers': {}, 'description': 'Increases the likelihood of rare gathering points respawning.', 'skillName': ""Forager's Luck""}]"
104,Detector,Shows rare gathering points on the Wildlife Map.,"[{'id': 299, 'skill': 104, 'level': 1, 'modifiers': {}, 'description': 'Marks rare sites on the wildlife map.', 'skillName': 'Detector'}]"
105,BBQ Master,Improves your skill at cooking meat.,"[{'id': 300, 'skill': 105, 'level': 1, 'modifiers': {}, 'description': 'Makes it easier to cook well-done steaks.', 'skillName': 'BBQ Master'}]"
106,Tool Specialist,Reduces the recharge time for specialized tools.,"[{'id': 301, 'skill': 106, 'level': 1, 'modifiers': {}, 'description': 'Shortens time until reuse by 10%.', 'skillName': 'Tool Specialist'}, {'id': 302, 'skill': 106, 'level': 2, 'modifiers': {}, 'description': 'Shortens time until reuse by 20%.', 'skillName': 'Tool Specialist'}, {'id': 303, 'skill': 106, 'level': 3, 'modifiers': {}, 'description': 'Shortens time until reuse by 30%.', 'skillName': 'Tool Specialist'}, {'id': 388, 'skill': 106, 'level': 4, 'modifiers': {}, 'description': 'Shortens time until reuse by 40%.', 'skillName': 'Tool Specialist'}, {'id': 389, 'skill': 106, 'level': 5, 'modifiers': {}, 'description': 'Shortens time until reuse by 50%.', 'skillName': 'Tool Specialist'}]"
107,Affinity Sliding,Sliding increases your affinity for a short time.,"[{'id': 304, 'skill': 107, 'level': 1, 'modifiers': {'affinity': 30}, 'description': '+30% Affinity for 15 seconds after sliding.', 'skillName': 'Affinity Sliding'}]"
108,Intimidator,Reduces the chances small monsters will attack after spotting you. (No effect on certain monsters.),"[{'id': 305, 'skill': 108, 'level': 1, 'modifiers': {}, 'description': ""Discourages monsters from engaging you even if you've been spotted."", 'skillName': 'Intimidator'}, {'id': 306, 'skill': 108, 'level': 2, 'modifiers': {}, 'description': ""Highly discourages monsters from engaging you even if you've been spotted."", 'skillName': 'Intimidator'}, {'id': 307, 'skill': 108, 'level': 3, 'modifiers': {}, 'description': ""Prevents monsters from engaging you even if you've been spotted."", 'skillName': 'Intimidator'}]"
109,Hasten Recovery,Regenerates your health as you continually attack a monster. Recovery varies by weapon.,"[{'id': 308, 'skill': 109, 'level': 1, 'modifiers': {}, 'description': 'Regenerates your health as you continually attack a monster. Recovery varies by weapon.', 'skillName': 'Hasten Recovery'}]"
110,Super Recovery,Allows recovery to exceed the red portion of the health gauge.,"[{'id': 309, 'skill': 110, 'level': 1, 'modifiers': {}, 'description': 'Allows recovery to exceed the red portion of the health gauge.', 'skillName': 'Super Recovery'}]"
111,Poison Duration Up,Extends the duration of your poison's effect on monsters.,"[{'id': 310, 'skill': 111, 'level': 1, 'modifiers': {}, 'description': ""Extends the duration of your poison's effect on monsters."", 'skillName': 'Poison Duration Up'}]"
112,Adrenaline,Temporarily reduces stamina depletion when health is at 40% or lower.,"[{'id': 311, 'skill': 112, 'level': 1, 'modifiers': {}, 'description': 'Temporarily reduces stamina depletion when health is at 40% or lower.', 'skillName': 'Adrenaline'}]"
113,Stamina Cap Up,Increases stamina cap.,"[{'id': 312, 'skill': 113, 'level': 1, 'modifiers': {}, 'description': 'Increases stamina cap.', 'skillName': 'Stamina Cap Up'}]"
114,Critical Element,"Increases elemental damage (fire, water, thunder, ice, dragon) when landing critical hits.","[{'id': 313, 'skill': 114, 'level': 1, 'modifiers': {}, 'description': 'Increases elemental damage (fire, water, thunder, ice, dragon) when landing critical hits.', 'skillName': 'Critical Element'}]"
115,Mind's Eye/Ballistics,Prevents attacks from being deflected. Also shortens the distance before ammo and arrows reach maximum power.,"[{'id': 314, 'skill': 115, 'level': 1, 'modifiers': {}, 'description': 'Prevents attacks from being deflected. Also shortens the distance before ammo and arrows reach maximum power.', 'skillName': ""Mind's Eye/Ballistics""}]"
116,Bludgeoner,Raises attack as your weapon loses sharpness. Also boosts ranged weapon melee attacks and odds of stunning.,"[{'id': 315, 'skill': 116, 'level': 1, 'modifiers': {}, 'description': 'Raises attack as your weapon loses sharpness. Also boosts ranged weapon melee attacks and odds of stunning.', 'skillName': 'Bludgeoner'}]"
117,Non-elemental Boost,Powers up non-elemental weapons you have equipped.,"[{'id': 316, 'skill': 117, 'level': 1, 'modifiers': {}, 'description': 'Powers up non-elemental weapons you have equipped.', 'skillName': 'Non-elemental Boost'}]"
118,Capture Master,High chance of increased capture rewards. (No effect when joining mid-quest.),"[{'id': 317, 'skill': 118, 'level': 1, 'modifiers': {}, 'description': 'High chance of increased capture rewards. (No effect when joining mid-quest.)', 'skillName': 'Capture Master'}]"
119,Guard Up,Allows you to guard against ordinarily unblockable attacks.,"[{'id': 318, 'skill': 119, 'level': 1, 'modifiers': {}, 'description': 'Allows you to guard against ordinarily unblockable attacks.', 'skillName': 'Guard Up'}]"
120,Guts,"Above a certain health threshold, you withstand an attack that would normally cart you (once only).","[{'id': 319, 'skill': 120, 'level': 1, 'modifiers': {}, 'description': 'Above a certain health threshold, you withstand an attack that would normally cart you (once only).', 'skillName': 'Guts'}]"
121,Master's Touch,Prevents your weapon from losing sharpness during critical hits.,"[{'id': 320, 'skill': 121, 'level': 1, 'modifiers': {}, 'description': 'Prevents your weapon from losing sharpness during critical hits.', 'skillName': ""Master's Touch""}]"
122,Nullify Wind Pressure,Negates all wind pressure.,"[{'id': 321, 'skill': 122, 'level': 1, 'modifiers': {}, 'description': 'Negates all wind pressure.', 'skillName': 'Nullify Wind Pressure'}]"
123,Razor Sharp/Spare Shot,"Halves sharpness loss. For bows and bowguns, shots have a chance not to expend coatings or ammo.","[{'id': 322, 'skill': 123, 'level': 1, 'modifiers': {}, 'description': 'Halves sharpness loss. For bows and bowguns, shots have a chance not to expend coatings or ammo.', 'skillName': 'Razor Sharp/Spare Shot'}]"
124,Critical Status,"Increases abnormal status effect damage (paralysis, poison, sleep, blast) when landing critical hits.","[{'id': 323, 'skill': 124, 'level': 1, 'modifiers': {}, 'description': 'Increases abnormal status effect damage (paralysis, poison, sleep, blast) when landing critical hits.', 'skillName': 'Critical Status'}]"
125,Good Luck,Good chance of increased quest rewards. (No effect when joining mid-quest.),"[{'id': 324, 'skill': 125, 'level': 1, 'modifiers': {}, 'description': 'Good chance of increased quest rewards. (No effect when joining mid-quest.)', 'skillName': 'Good Luck'}]"
126,Bow Charge Plus,Increases max bow charge level by one.,"[{'id': 325, 'skill': 126, 'level': 1, 'modifiers': {}, 'description': 'Increases max bow charge level by one.', 'skillName': 'Bow Charge Plus'}]"
127,Punishing Draw,Adds a stun effect to draw attacks and slightly increases attack power.,"[{'id': 326, 'skill': 127, 'level': 1, 'modifiers': {}, 'description': 'Adds a stun effect to draw attacks and slightly increases attack power.', 'skillName': 'Punishing Draw'}]"
128,Protective Polish,Weapon sharpness does not decrease for a set time after sharpening.,"[{'id': 327, 'skill': 128, 'level': 1, 'modifiers': {}, 'description': 'Weapon sharpness does not decrease for a set time after sharpening.', 'skillName': 'Protective Polish'}]"
129,Poison Functionality,Allows you to apply poison coatings.,"[{'id': 328, 'skill': 129, 'level': 1, 'modifiers': {}, 'description': 'Lets you use poison coating.', 'skillName': 'Poison Functionality'}]"
130,Para Functionality,Allows you to apply paralysis coatings.,"[{'id': 329, 'skill': 130, 'level': 1, 'modifiers': {}, 'description': 'Lets you use paralysis coating.', 'skillName': 'Para Functionality'}]"
131,Sleep Functionality,Allows you to apply sleep coatings.,"[{'id': 330, 'skill': 131, 'level': 1, 'modifiers': {}, 'description': 'Lets you use sleep coating.', 'skillName': 'Sleep Functionality'}]"
132,Blast Functionality,Allows you to apply blast coatings.,"[{'id': 331, 'skill': 132, 'level': 1, 'modifiers': {}, 'description': 'Lets you use blast coating.', 'skillName': 'Blast Functionality'}]"
133,Elderseal Boost,Increases the Elderseal of weapons and dragon ammo.,"[{'id': 332, 'skill': 133, 'level': 1, 'modifiers': {}, 'description': 'Boosts Elderseal one level.', 'skillName': 'Elderseal Boost'}]"
134,Great Luck,High chance of increased quest rewards. (No effect when joining mid-quest.),"[{'id': 333, 'skill': 134, 'level': 1, 'modifiers': {}, 'description': 'High chance of increased quest rewards. (No effect when joining mid-quest.)', 'skillName': 'Great Luck'}]"
135,Carving Master,Lets you carve one additional time. (No effect when joining mid-quest.),"[{'id': 334, 'skill': 135, 'level': 1, 'modifiers': {}, 'description': 'Lets you carve one additional time. (No effect when joining mid-quest.)', 'skillName': 'Carving Master'}]"
136,Elemental Airborne,Elemental damage increased for jumping attacks.,"[{'id': 367, 'skill': 136, 'level': 1, 'modifiers': {}, 'description': 'Elemental damage increased for jumping attacks.', 'skillName': 'Elemental Airborne'}]"
137,Igni Intensity,Only those who complete the rigorous witcher training are allowed to use the powerful magic of the Igni Sign.,"[{'id': 368, 'skill': 137, 'level': 1, 'modifiers': {}, 'description': 'Only those who complete the rigorous witcher training are allowed to use the powerful magic of the Igni Sign.', 'skillName': 'Igni Intensity'}]"
138,Offensive Guard,Temporarily increases attack power after executing a perfectly-timed guard.,"[{'id': 338, 'skill': 138, 'level': 1, 'modifiers': {}, 'description': 'While active, increases attack power by 5%.', 'skillName': 'Offensive Guard'}, {'id': 339, 'skill': 138, 'level': 2, 'modifiers': {}, 'description': 'While active, increases attack power by 10%.', 'skillName': 'Offensive Guard'}, {'id': 340, 'skill': 138, 'level': 3, 'modifiers': {}, 'description': 'While active, increases attack power by 15%.', 'skillName': 'Offensive Guard'}]"
139,Bombardier Secret,Raises the maximum level of the Bombardier skill.,"[{'id': 341, 'skill': 139, 'level': 1, 'modifiers': {}, 'description': 'Raises the maximum level of the Bombardier skill.', 'skillName': 'Bombardier Secret'}]"
140,Slinger Capacity Secret,Raises the maximum level of the Slinger Capacity skill.,"[{'id': 342, 'skill': 140, 'level': 1, 'modifiers': {}, 'description': 'Raises the maximum level of the Slinger Capacity skill.', 'skillName': 'Slinger Capacity Secret'}]"
141,True Critical Element,"Greatly increases elemental damage (fire, water, thunder, ice, dragon) when landing critical hits.","[{'id': 343, 'skill': 141, 'level': 1, 'modifiers': {}, 'description': 'Greatly increases elemental damage (fire, water, thunder, ice, dragon) when landing critical hits.', 'skillName': 'True Critical Element'}]"
142,Divine Blessing Secret,Raises the maximum level of the Divine Blessing skill.,"[{'id': 346, 'skill': 142, 'level': 1, 'modifiers': {}, 'description': 'Raises the maximum level of the Divine Blessing skill.', 'skillName': 'Divine Blessing Secret'}]"
143,True Critical Status,"Greatly increases status effect damage (paralysis, poison, sleep, blast) when landing critical hits.","[{'id': 347, 'skill': 143, 'level': 1, 'modifiers': {}, 'description': 'Greatly increases status effect damage (paralysis, poison, sleep, blast) when landing critical hits.', 'skillName': 'True Critical Status'}]"
144,Latent Power Secret,Raises the maximum level of the Latent Power skill.,"[{'id': 349, 'skill': 144, 'level': 1, 'modifiers': {}, 'description': 'Raises the maximum level of the Latent Power skill.', 'skillName': 'Latent Power Secret'}]"
145,Artillery Secret,Raises the maximum level of the Artillery skill.,"[{'id': 353, 'skill': 145, 'level': 1, 'modifiers': {}, 'description': 'Raises the maximum level of the Artillery skill.', 'skillName': 'Artillery Secret'}]"
146,Coalescence,Temporarily enhances attacks after recovering from blights or abnormal status.,"[{'id': 356, 'skill': 146, 'level': 1, 'modifiers': {}, 'description': 'While active, grants attack +12, element attack power +30, and status buildup + 5%.', 'skillName': 'Coalescence'}, {'id': 357, 'skill': 146, 'level': 2, 'modifiers': {}, 'description': 'While active, grants attack +15, element attack power +60, and status buildup + 10%.', 'skillName': 'Coalescence'}, {'id': 358, 'skill': 146, 'level': 3, 'modifiers': {}, 'description': 'While active, grants attack +18, element attack power +90, and status buildup + 15%.', 'skillName': 'Coalescence'}]"
147,Gaia's Veil,"While wearing a mantle, gain Windproof Lv3, Earplugs Lv3, Tremor Res Lv3, and Flinch Free.","[{'id': 359, 'skill': 147, 'level': 1, 'modifiers': {}, 'description': 'While wearing a mantle, gain Windproof Lv3, Earplugs Lv3, Tremor Res Lv3, and Flinch Free.', 'skillName': ""Gaia's Veil""}]"
148,True Gaia's Veil,"While wearing a mantle, gain Tremor Resistance Lv3, Earplugs Lv5, max Windproof, and Flinch Free.","[{'id': 360, 'skill': 148, 'level': 1, 'modifiers': {}, 'description': 'While wearing a mantle, gain Tremor Resistance Lv3, Earplugs Lv5, max Windproof, and Flinch Free.', 'skillName': ""True Gaia's Veil""}]"
149,Element Acceleration,Continually attacking a monster activates Free Element/Ammo Up Lv2 and increases elemental damage.,"[{'id': 361, 'skill': 149, 'level': 1, 'modifiers': {}, 'description': 'Continually attacking a monster activates Free Element/Ammo Up Lv2 and increases elemental damage.', 'skillName': 'Element Acceleration'}]"
150,True Element Acceleration,Continually attacking a monster activates Free Element/Ammo Up Lv3 and increases elemental damage.,"[{'id': 362, 'skill': 150, 'level': 1, 'modifiers': {}, 'description': 'Continually attacking a monster activates Free Element/Ammo Up Lv3 and increases elemental damage.', 'skillName': 'True Element Acceleration'}]"
151,Frostcraft,"An aura of frost builds when your weapon is sheathed, raising attack. Wanes each melee hit or shot fired.","[{'id': 363, 'skill': 151, 'level': 1, 'modifiers': {}, 'description': 'An aura of frost builds when your weapon is sheathed, raising attack. Wanes each melee hit or shot fired.', 'skillName': 'Frostcraft'}]"
152,Stamina Thief Secret,Raises the maximum level of the Stamina Thief skill.,"[{'id': 364, 'skill': 152, 'level': 1, 'modifiers': {}, 'description': 'Raises the maximum level of the Stamina Thief skill.', 'skillName': 'Stamina Thief Secret'}]"
153,Free Meal Secret,Raises the maximum level of the Free Meal skill.,"[{'id': 365, 'skill': 153, 'level': 1, 'modifiers': {}, 'description': 'Raises the maximum level of the Free Meal skill.', 'skillName': 'Free Meal Secret'}]"
154,Agitator Secret,Raises the maximum level of the Agitator skill.,"[{'id': 366, 'skill': 154, 'level': 1, 'modifiers': {}, 'description': 'Raises the maximum level of the Agitator skill.', 'skillName': 'Agitator Secret'}]"
155,Slugger Secret,Raises the maximum level of the Slugger skill to 5.,"[{'id': 393, 'skill': 155, 'level': 1, 'modifiers': {}, 'description': 'Raises the maximum level of the Slugger skill to 5.', 'skillName': 'Slugger Secret'}]"
157,True Razor Sharp/Spare Shot,Greatly reduces sharpness loss. Bows and bowguns have a chance not to expend coatings or ammo.,"[{'id': 395, 'skill': 157, 'level': 1, 'modifiers': {}, 'description': 'Greatly reduces sharpness loss. Bows and bowguns have a chance not to expend coatings or ammo.', 'skillName': 'True Razor Sharp/Spare Shot'}]"
158,Maximum Might Secret,Raises  the maximum level of the Maximum Might skill.,"[{'id': 396, 'skill': 158, 'level': 1, 'modifiers': {}, 'description': 'Raises  the maximum level of the Maximum Might skill.', 'skillName': 'Maximum Might Secret'}]"
162,Tool Specialist Secret,Raises the maximum level of the Tool Specialist skill.,"[{'id': 397, 'skill': 162, 'level': 1, 'modifiers': {}, 'description': 'Raises the maximum level of the Tool Specialist skill.', 'skillName': 'Tool Specialist Secret'}]"
163,Zombie & Effluvia Res,Prevents zombie and effluvial buildup.,"[{'id': 398, 'skill': 163, 'level': 1, 'modifiers': {}, 'description': 'Prevents zombie and effluvial buildup.', 'skillName': 'Zombie & Effluvia Res'}]"
164,Provoker,Increases the attention drawn when attacking a monster.,"[{'id': 399, 'skill': 164, 'level': 1, 'modifiers': {}, 'description': 'Increases the attention drawn when attacking a monster.', 'skillName': 'Provoker'}]"
165,Safe Landing,Allows you to quickly recover from heavy attacks that blow you back when you have your weapon unsheathed.,"[{'id': 400, 'skill': 165, 'level': 1, 'modifiers': {}, 'description': 'Allows you to quickly recover from heavy attacks that blow you back when you have your weapon unsheathed.', 'skillName': 'Safe Landing'}]"
166,Coldproof,Nullifies the effects of cold weather.,"[{'id': 401, 'skill': 166, 'level': 1, 'modifiers': {}, 'description': 'Activates skill effect.', 'skillName': 'Coldproof'}]"
167,Dragonvein Awakening,"Elem., abnormal status, & affinity up with weapon drawn. Take damage when attacking, but can be recovered by continually attacking.","[{'id': 402, 'skill': 167, 'level': 1, 'modifiers': {'affinity': 20}, 'description': 'Elem., abnormal status, & affinity up with weapon drawn. Take damage when attacking, but can be recovered by continually attacking.', 'skillName': 'Dragonvein Awakening'}]"
168,True Dragonvein Awakening,"Enhances attacks even more with weapon drawn. Take damage when attacking, but can be recovered by continually attacking.","[{'id': 403, 'skill': 168, 'level': 1, 'modifiers': {'affinity': 40}, 'description': 'Enhances attacks even more with weapon drawn. Take damage when attacking, but can be recovered by continually attacking.', 'skillName': 'True Dragonvein Awakening'}]"
169,Ancient Armory,"Increases defense and eliminates damage reactions. Taking several hits knoocks it out, but reactivates over time.","[{'id': 412, 'skill': 169, 'level': 1, 'modifiers': {}, 'description': 'Increases defense and eliminates damage reactions. Taking several hits knoocks it out, but reactivates over time.', 'skillName': 'Ancient Armory'}]"
170,Gratitudes's Blessing,Greatly increases odds of getting special Grand Appreciation rewards. (No effect when joining mid-quest.),"[{'id': 413, 'skill': 170, 'level': 1, 'modifiers': {}, 'description': 'Greatly increases odds of getting special Grand Appreciation rewards. (No effect when joining mid-quest.)', 'skillName': ""Gratitudes's Blessing""}]"
171,Gratitude's Gift,Increases odds of getting special Grand Appreciation rewards. (No effect when joining mid-quest.),"[{'id': 414, 'skill': 171, 'level': 1, 'modifiers': {}, 'description': 'Increases odds of getting special Grand Appreciation rewards. (No effect when joining mid-quest.)', 'skillName': ""Gratitude's Gift""}]"
172,Joy's Gratitude,Greatly increases odds of getting special Holiday Joy rewards. (No effect when joining mid-quest.),"[{'id': 415, 'skill': 172, 'level': 1, 'modifiers': {}, 'description': 'Greatly increases odds of getting special Holiday Joy rewards. (No effect when joining mid-quest.)', 'skillName': ""Joy's Gratitude""}]"
173,Joy's Gift,Increases odds of getting special Holiday Joy rewards. (No effect when joining mid-quest.),"[{'id': 416, 'skill': 173, 'level': 1, 'modifiers': {}, 'description': 'Increases odds of getting special Holiday Joy rewards. (No effect when joining mid-quest.)', 'skillName': ""Joy's Gift""}]"
174,Heroics Secret,Raises the maximum level of the Heroics skill.,"[{'id': 417, 'skill': 174, 'level': 1, 'modifiers': {}, 'description': 'Raises the maximum level of the Heroics skill.', 'skillName': 'Heroics Secret'}]"
175,Full Bloom's Gift,Increases odds of getting special Full Bloom rewards.,"[{'id': 420, 'skill': 175, 'level': 1, 'modifiers': {}, 'description': 'Increases odds of getting special Full Bloom rewards.', 'skillName': ""Full Bloom's Gift""}]"
176,Full Bloom's Gratitude,Greatly increases odds of getting special Full Bloom rewards.,"[{'id': 421, 'skill': 176, 'level': 1, 'modifiers': {}, 'description': 'Greatly increases odds of getting special Full Bloom rewards.', 'skillName': ""Full Bloom's Gratitude""}]"
177,Sizzling Gift,Increases odds of getting special Sizzling Spice rewards. (No effect when joining mid-quest.),"[{'id': 422, 'skill': 177, 'level': 1, 'modifiers': {}, 'description': 'Increases odds of getting special Sizzling Spice rewards. (No effect when joining mid-quest.)', 'skillName': 'Sizzling Gift'}]"
178,Sizzling Gratitude,Greatly increases odds of getting special Sizzling Spice rewards. (No effect when joining mid-quest.),"[{'id': 423, 'skill': 178, 'level': 1, 'modifiers': {}, 'description': 'Greatly increases odds of getting special Sizzling Spice rewards. (No effect when joining mid-quest.)', 'skillName': 'Sizzling Gratitude'}]"
179,Element Conversion,Equipped weapon's elemental power increases as your armor's elemental resistance increases.,"[{'id': 424, 'skill': 179, 'level': 1, 'modifiers': {}, 'description': ""Equipped weapon's elemental power increases as your armor's elemental resistance increases."", 'skillName': 'Element Conversion'}]"
180,All Elemental Resistance,Increases all elemental resistances +20%.,"[{'id': 425, 'skill': 180, 'level': 1, 'modifiers': {}, 'description': 'Increases all elemental resistances +20%.', 'skillName': 'All Elemental Resistance'}]"
181,Clutch Claw Boost,"Clutch claw weapon attacks wound monsters easier, and have a better chance of dropping slinger ammo.","[{'id': 426, 'skill': 181, 'level': 1, 'modifiers': {}, 'description': 'Clutch claw weapon attacks wound monsters easier, and have a better chance of dropping slinger ammo.', 'skillName': 'Clutch Claw Boost'}]"
182,Fun Fright's Gift,Increases odds of getting special Fun Fright rewards. (No effect when joining mid quest.),"[{'id': 427, 'skill': 182, 'level': 1, 'modifiers': {}, 'description': 'Increases odds of getting special Fun Fright rewards. (No effect when joining mid quest.)', 'skillName': ""Fun Fright's Gift""}]"
183,Fun Fright's Gratitude,Greatly increases odds of getting special Fun Fright rewards. (No effect when joining mid quest.),"[{'id': 428, 'skill': 183, 'level': 1, 'modifiers': {}, 'description': 'Greatly increases odds of getting special Fun Fright rewards. (No effect when joining mid quest.)', 'skillName': ""Fun Fright's Gratitude""}]"
184,Inheritance,Removes the skill level cap for the skill secrets.,"[{'id': 429, 'skill': 184, 'level': 1, 'modifiers': {}, 'description': 'Removes the skill level cap for the skill secrets.', 'skillName': 'Inheritance'}]"
185,Transcendence,Grants True Razor Sharp/Sharp Shot. Health/Stamina +100 at the start of a Quest or after fainting. (Effect doesn't stack.),"[{'id': 430, 'skill': 185, 'level': 1, 'modifiers': {}, 'description': ""Grants True Razor Sharp/Sharp Shot. Health/Stamina +100 at the start of a Quest or after fainting. (Effect doesn't stack.)"", 'skillName': 'Transcendence'}]"
